"2009-12-30";"DECD-0006";"Instrumental";"曼衍珠汝華 ～ Nada Upasana Pundarika";"0";"";""
"2009-12-30";"DECD-0006";"Instrumental";"曼衍珠汝華 ～ Nada Upasana Pundarika";"1";"平安のエイリアン ～ Crazy Xenomorph";"徳南，九宝時"
"2009-12-30";"DECD-0006";"Instrumental";"曼衍珠汝華 ～ Nada Upasana Pundarika";"2";"天空の花の都 ～ Bridge of The Lotus";"徳南，九宝時"
"2009-12-30";"DECD-0006";"Instrumental";"曼衍珠汝華 ～ Nada Upasana Pundarika";"3";"少女さとり　～ Innumerable Eyes";"徳南，九宝時"
"2009-12-30";"DECD-0006";"Instrumental";"曼衍珠汝華 ～ Nada Upasana Pundarika";"4";"霊知の太陽信仰　～ Nuclear Fusion";"徳南，九宝時"
"2009-12-30";"DECD-0006";"Instrumental";"曼衍珠汝華 ～ Nada Upasana Pundarika";"5";"少女が見た日本の原風景 ～ Dance of puNDarika";"徳南，九宝時"
"2009-12-30";"DECD-0006";"Instrumental";"曼衍珠汝華 ～ Nada Upasana Pundarika";"6";"感情の魔天楼　～ World's End";"徳南，九宝時"
"2009-12-30";"DECD-0006";"Instrumental";"曼衍珠汝華 ～ Nada Upasana Pundarika";"7";"春の湊に ～ Silent Voyage to Eternity";"徳南，九宝時"
"2009-12-30";"DECD-0006";"Instrumental";"曼衍珠汝華 ～ Nada Upasana Pundarika";"8";"法界の火 ～ Flame for Puja";"徳南，九宝時"
"2009-12-30";"DECD-0006";"Instrumental";"曼衍珠汝華 ～ Nada Upasana Pundarika";"9";"彼岸帰航 ～ View of The River Styx";"徳南，九宝時"
