"2018-05-06";"MTCD-0026";"Instrumental";"癒やしの幻奏響～紅～";"0";"";""
"2018-05-06";"MTCD-0026";"Instrumental";"癒やしの幻奏響～紅～";"1";"ほおずきみたいに紅い魂";"みなも"
"2018-05-06";"MTCD-0026";"Instrumental";"癒やしの幻奏響～紅～";"2";"おてんば恋娘";"taste"
"2018-05-06";"MTCD-0026";"Instrumental";"癒やしの幻奏響～紅～";"3";"上海紅茶館";"みなも"
"2018-05-06";"MTCD-0026";"Instrumental";"癒やしの幻奏響～紅～";"4";"明治十七年の上海アリス";"taste"
"2018-05-06";"MTCD-0026";"Instrumental";"癒やしの幻奏響～紅～";"5";"ヴワル魔法図書館";"パポス"
"2018-05-06";"MTCD-0026";"Instrumental";"癒やしの幻奏響～紅～";"6";"ラクトガール";"あいざわ"
"2018-05-06";"MTCD-0026";"Instrumental";"癒やしの幻奏響～紅～";"7";"メイドと血の懐中時計";"あいざわ"
"2018-05-06";"MTCD-0026";"Instrumental";"癒やしの幻奏響～紅～";"8";"亡き王女の為のセプテット";"パポス"
"2018-05-06";"MTCD-0026";"Instrumental";"癒やしの幻奏響～紅～";"9";"U.N.オーエンは彼女なのか？";"taste"
